movieid,Title,Plot,Year,Genre,Runtime,Language,Director,Actors,IMDB,Pic,Youtube
tt0111161,The Shawshank Redemption,"Two imprisoned men bond over a number of years, finding solace and eventual redemption through acts of common decency.",1994,Drama,2h 22min,English,Frank Darabont,"Tim Robbins, Morgan Freeman",/title/tt0111161/,tt0111161.jpg,NmzuHjWmXOc
tt0071562,The Godfather: Part II,"The early life and career of Vito Corleone in 1920s New York City is portrayed, while his son, Michael, expands and tightens his grip on the family crime syndicate.",1974,Crime | Drama,3h 22min,"English, Italian, Spanish, Latin, Sicilian",Francis Ford Coppola,"Al Pacino, Robert De Niro",/title/tt0071562/,tt0071562.jpg,9O1Iy9od7-A
tt0468569,The Dark Knight,"When the menace known as the Joker wreaks havoc and chaos on the people of Gotham, Batman must accept one of the greatest psychological and physical tests of his ability to fight injustice.",2008,Action | Crime | Drama,2h 32min,"English, Mandarin",Christopher Nolan,"Christian Bale, Heath Ledger",/title/tt0468569/,tt0468569.jpg,EXeTwQWrcwY
tt0050083,12 Angry Men,A jury holdout attempts to prevent a miscarriage of justice by forcing his colleagues to reconsider the evidence.,1957,Drama,1h 36min,English,Sidney Lumet,"Henry Fonda, Lee J. Cobb",/title/tt0050083/,tt0050083.jpg,_13J_9B5jEk
tt0108052,Schindler''s List,"In German-occupied Poland during World War II, industrialist Oskar Schindler gradually becomes concerned for his Jewish workforce after witnessing their persecution by the Nazis.",1993,Biography | Drama | History,3h 15min,"English, Hebrew, German, Polish",Steven Spielberg,"Liam Neeson, Ralph Fiennes",/title/tt0108052/,tt0108052.jpg,mxphAlJID9U
tt0167260,The Lord of the Rings: The Return of the King,Gandalf and Aragorn lead the World of Men against Sauron''s army to draw his gaze from Frodo and Sam as they approach Mount Doom with the One Ring.,2003,Adventure | Drama | Fantasy,3h 21min,"English, Quenya, Old English, Sindarin",Peter Jackson,"Elijah Wood, Viggo Mortensen",/title/tt0167260/,tt0167260.jpg,r5X-hFf6Bwo
tt0110912,Pulp Fiction,"The lives of two mob hitmen, a boxer, a gangster and his wife, and a pair of diner bandits intertwine in four tales of violence and redemption.",1994,Crime | Drama,2h 34min,"English, Spanish, French",Quentin Tarantino,"John Travolta, Uma Thurman",/title/tt0110912/,tt0110912.jpg,s7EdQ4FqbhY
tt0060196,"The Good, the Bad and the Ugly",A bounty hunting scam joins two men in an uneasy alliance against a third in a race to find a fortune in gold buried in a remote cemetery.,1966,Western,2h 41min,"Italian, English, Spanish",Sergio Leone,"Clint Eastwood, Eli Wallach",/title/tt0060196/,tt0060196.jpg,WCN5JJY_wiA
tt0120737,The Lord of the Rings: The Fellowship of the Ring,A meek Hobbit from the Shire and eight companions set out on a journey to destroy the powerful One Ring and save Middle-earth from the Dark Lord Sauron.,2001,Action | Adventure | Drama,2h 58min,"English, Sindarin",Peter Jackson,"Elijah Wood, Ian McKellen",/title/tt0120737/,tt0120737.jpg,V75dMMIW2B4
tt0137523,Fight Club,"An insomniac office worker and a devil-may-care soapmaker form an underground fight club that evolves into something much, much more.",1999,Drama,2h 19min,English,David Fincher,"Brad Pitt, Edward Norton",/title/tt0137523/,tt0137523.jpg,qtRKdVHc-cE
tt0109830,Forrest Gump,"The presidencies of Kennedy and Johnson, the events of Vietnam, Watergate, and other historical events unfold through the perspective of an Alabama man with an IQ of 75, whose only desire is to be reunited with his childhood sweetheart.",1994,Drama | Romance,2h 22min,English,Robert Zemeckis,"Tom Hanks, Robin Wright",/title/tt0109830/,tt0109830.jpg,XHhAG-YLdk8
tt0080684,Star Wars: Episode V - The Empire Strikes Back,"After the Rebels are brutally overpowered by the Empire on the ice planet Hoth, Luke Skywalker begins Jedi training with Yoda, while his friends are pursued by Darth Vader and a bounty hunter named Boba Fett all over the galaxy.",1980,Action | Adventure | Fantasy,2h 4min,English,Irvin Kershner,"Mark Hamill, Harrison Ford",/title/tt0080684/,tt0080684.jpg,JNwNXF9Y6kY
tt0167261,The Lord of the Rings: The Two Towers,"While Frodo and Sam edge closer to Mordor with the help of the shifty Gollum, the divided fellowship makes a stand against Sauron''s new ally, Saruman, and his hordes of Isengard.",2002,Adventure | Drama | Fantasy,2h 59min,"English, Sindarin, Old English",Peter Jackson,"Elijah Wood, Ian McKellen",/title/tt0167261/,tt0167261.jpg,LbfMDwc4azU
tt0133093,The Matrix,A computer hacker learns from mysterious rebels about the true nature of his reality and his role in the war against its controllers.,1999,Action | Sci-Fi,2h 16min,English,Lana Wachowski,"Keanu Reeves, Laurence Fishburne",/title/tt0133093/,tt0133093.jpg,vKQi3bBA1y8
tt0099685,Goodfellas,"The story of Henry Hill and his life in the mob, covering his relationship with his wife Karen Hill and his mob partners Jimmy Conway and Tommy DeVito in the Italian-American crime syndicate.",1990,Biography | Crime | Drama,2h 26min,"English, Italian",Martin Scorsese,"Robert De Niro, Ray Liotta",/title/tt0099685/,tt0099685.jpg,2ilzidi_J8Q
tt0073486,One Flew Over the Cuckoo''s Nest,"A criminal pleads insanity and is admitted to a mental institution, where he rebels against the oppressive nurse and rallies up the scared patients.",1975,Drama,2h 13min,English,Milos Forman,"Jack Nicholson, Louise Fletcher",/title/tt0073486/,tt0073486.jpg,OXrcDonY-B8
tt0047478,Seven Samurai,A poor village under attack by bandits recruits seven unemployed samurai to help them defend themselves.,1954,Action | Adventure | Drama,3h 27min,Japanese,Akira Kurosawa,"Toshirô Mifune, Takashi Shimura",/title/tt0047478/,tt0047478.jpg,wJ1TOratCTo
tt0114369,Se7en,"Two detectives, a rookie and a veteran, hunt a serial killer who uses the seven deadly sins as his motives.",1995,Crime | Drama | Mystery,2h 7min,English,David Fincher,"Morgan Freeman, Brad Pitt",/title/tt0114369/,tt0114369.jpg,znmZoVkCjpI
tt0317248,Cidade de Deus,"In the slums of Rio, two kids'' paths diverge as one struggles to become a photographer and the other a kingpin.",2002,Crime | Drama,2h 10min,Portuguese,Fernando Meirelles,"Alexandre Rodrigues, Leandro Firmino",/title/tt0317248/,tt0317248.jpg,OD9lUw138kw
tt0118799,La vita è bella,"When an open-minded Jewish librarian and his son become victims of the Holocaust, he uses a perfect mixture of will, humor, and imagination to protect his son from the dangers around their camp.",1997,Comedy | Drama | Romance,1h 56min,"Italian, German, English",Roberto Benigni,"Roberto Benigni, Nicoletta Braschi",/title/tt0118799/,tt0118799.jpg,pAYEQP8gx3w
tt0102926,The Silence of the Lambs,"A young F.B.I. cadet must receive the help of an incarcerated and manipulative cannibal killer to help catch another serial killer, a madman who skins his victims.",1991,Crime | Drama | Thriller,1h 58min,"English, Latin",Jonathan Demme,"Jodie Foster, Anthony Hopkins",/title/tt0102926/,tt0102926.jpg,W6Mm8Sbe__o
tt0038650,It''s a Wonderful Life,An angel is sent from Heaven to help a desperately frustrated businessman by showing him what life would have been like if he had never existed.,1946,Drama | Family | Fantasy,2h 10min,"English, French",Frank Capra,"James Stewart, Donna Reed",/title/tt0038650/,tt0038650.jpg,ewe4lg8zTYA
tt6751668,Parasite,"A poor family, the Kims, con their way into becoming the servants of a rich family, the Parks. But their easy life gets complicated when their deception is threatened with exposure.",2019,Comedy | Drama | Thriller,2h 12min,"Korean, English",Bong Joon Ho,"Kang-ho Song, Sun-kyun Lee",/title/tt6751668/,tt6751668.jpg,w_0KJAzyUJc
tt0076759,Star Wars,"Luke Skywalker joins forces with a Jedi Knight, a cocky pilot, a Wookiee and two droids to save the galaxy from the Empire''s world-destroying battle station, while also attempting to rescue Princess Leia from the mysterious Darth Vader.",1977,Action | Adventure | Fantasy,2h 1min,English,George Lucas,"Mark Hamill, Harrison Ford",/title/tt0076759/,tt0076759.jpg,8Qn_spdM5Zg
tt0120815,Saving Private Ryan,"Following the Normandy Landings, a group of U.S. soldiers go behind enemy lines to retrieve a paratrooper whose brothers have been killed in action.",1998,Drama | War,2h 49min,"English, French, German, Czech",Steven Spielberg,"Tom Hanks, Matt Damon",/title/tt0120815/,tt0120815.jpg,zwhP5b4tD6g
tt0245429,Spirited Away,"During her family''s move to the suburbs, a sullen 10-year-old girl wanders into a world ruled by gods, witches, and spirits, and where humans are changed into beasts.",2001,Animation | Adventure | Family,2h 5min,Japanese,Hayao Miyazaki,"Daveigh Chase, Suzanne Pleshette",/title/tt0245429/,tt0245429.jpg,ByXuk9QqQkk
tt0120689,The Green Mile,"The lives of guards on Death Row are affected by one of their charges: a black man accused of child murder and rape, yet who has a mysterious gift.",1999,Crime | Drama | Fantasy,3h 9min,"English, French",Frank Darabont,"Tom Hanks, Michael Clarke Duncan",/title/tt0120689/,tt0120689.jpg,Ki4haFrqSrw
tt0816692,Interstellar,A team of explorers travel through a wormhole in space in an attempt to ensure humanity''s survival.,2014,Adventure | Drama | Sci-Fi,2h 49min,English,Christopher Nolan,"Matthew McConaughey, Anne Hathaway",/title/tt0816692/,tt0816692.jpg,zSWdZVtXT7E
tt0110413,Léon,"Mathilda, a 12-year-old girl, is reluctantly taken in by Léon, a professional assassin, after her family is murdered. An unusual relationship forms as she becomes his protégée and learns the assassin''s trade.",1994,Action | Crime | Drama,1h 50min,"English, Italian, French",Luc Besson,"Jean Reno, Gary Oldman",/title/tt0110413/,tt0110413.jpg,jawVxq1Iyl0
tt0114814,The Usual Suspects,"A sole survivor tells of the twisty events leading up to a horrific gun battle on a boat, which began when five criminals met at a seemingly random police lineup.",1995,Crime | Mystery | Thriller,1h 46min,"English, Hungarian, Spanish, French",Bryan Singer,"Kevin Spacey, Gabriel Byrne",/title/tt0114814/,tt0114814.jpg,oiXdPolca5w
tt0056058,Harakiri,"When a ronin requesting seppuku at a feudal lord''s palace is told of the brutal suicide of another ronin who previously visited, he reveals how their pasts are intertwined - and in doing so challenges the clan''s integrity.",1962,Action | Drama | History,2h 13min,Japanese,Masaki Kobayashi,"Tatsuya Nakadai, Akira Ishihama",/title/tt0056058/,tt0056058.jpg,xjs3UBzq1Lo
tt0110357,The Lion King,"A Lion cub crown prince is tricked by a treacherous uncle into thinking he caused his father''s death and flees into exile in despair, only to learn in adulthood his identity and his responsibilities.",1994,Animation | Adventure | Drama,1h 28min,"English, Swahili, Xhosa, Zulu",Roger Allers,"Matthew Broderick, Jeremy Irons",/title/tt0110357/,tt0110357.jpg,7TavVZMewpY
tt0120586,American History X,A former neo-nazi skinhead tries to prevent his younger brother from going down the same wrong path that he did.,1998,Drama,1h 59min,English,Tony Kaye,"Edward Norton, Edward Furlong",/title/tt0120586/,tt0120586.jpg,XfQYHqsiN5g
tt0103064,Terminator 2: Judgment Day,"A cyborg, identical to the one who failed to kill Sarah Connor, must now protect her teenage son, John Connor, from a more advanced and powerful cyborg.",1991,Action | Sci-Fi,2h 17min,"English, Spanish",James Cameron,"Arnold Schwarzenegger, Linda Hamilton",/title/tt0103064/,tt0103064.jpg,CRRlbK5w8AE
tt0088763,Back to the Future,"Marty McFly, a 17-year-old high school student, is accidentally sent thirty years into the past in a time-traveling DeLorean invented by his close friend, the eccentric scientist Doc Brown.",1985,Adventure | Comedy | Sci-Fi,1h 56min,English,Robert Zemeckis,"Michael J. Fox, Christopher Lloyd",/title/tt0088763/,tt0088763.jpg,qvsgGtivCgs
tt0027977,Modern Times,The Tramp struggles to live in modern industrial society with the help of a young homeless woman.,1936,Comedy | Drama | Family,1h 27min,English,Charles Chaplin,"Charles Chaplin, Paulette Goddard",/title/tt0027977/,tt0027977.jpg,GLeDdzGUTq0
tt0054215,Psycho,"A Phoenix secretary embezzles forty thousand dollars from her employer''s client, goes on the run, and checks into a remote motel run by a young man under the domination of his mother.",1960,Horror | Mystery | Thriller,1h 49min,English,Alfred Hitchcock,"Anthony Perkins, Janet Leigh",/title/tt0054215/,tt0054215.jpg,SDZCXPBYHY0
tt0172495,Gladiator,A former Roman General sets out to exact vengeance against the corrupt emperor who murdered his family and sent him into slavery.,2000,Action | Adventure | Drama,2h 35min,English,Ridley Scott,"Russell Crowe, Joaquin Phoenix",/title/tt0172495/,tt0172495.jpg,owK1qxDselE
tt0021749,City Lights,"With the aid of a wealthy erratic tippler, a dewy-eyed tramp who has fallen in love with a sightless flower girl accumulates money to be able to help her medically.",1931,Comedy | Drama | Romance,1h 27min,English,Charles Chaplin,"Charles Chaplin, Virginia Cherrill",/title/tt0021749/,tt0021749.jpg,4zY1OLF31Wc
tt1675434,The Intouchables,"After he becomes a quadriplegic from a paragliding accident, an aristocrat hires a young man from the projects to be his caregiver.",2011,Biography | Comedy | Drama,1h 52min,"French, English",Olivier Nakache,"François Cluzet, Omar Sy",/title/tt1675434/,tt1675434.jpg,34WIbmXkewU
tt0407887,The Departed,An undercover cop and a mole in the police attempt to identify each other while infiltrating an Irish gang in South Boston.,2006,Crime | Drama | Thriller,2h 31min,"English, Cantonese",Martin Scorsese,"Leonardo DiCaprio, Matt Damon",/title/tt0407887/,tt0407887.jpg,iojhqm0JTW4
tt2582802,Whiplash,A promising young drummer enrolls at a cut-throat music conservatory where his dreams of greatness are mentored by an instructor who will stop at nothing to realize a student''s potential.,2014,Drama | Music,1h 46min,English,Damien Chazelle,"Miles Teller, J.K. Simmons",/title/tt2582802/,tt2582802.jpg,7d_jQycdQGo
tt0482571,The Prestige,"After a tragic accident, two stage magicians engage in a battle to create the ultimate illusion while sacrificing everything they have to outwit each other.",2006,Drama | Mystery | Sci-Fi,2h 10min,English,Christopher Nolan,"Christian Bale, Hugh Jackman",/title/tt0482571/,tt0482571.jpg,ijXruSzfGEc
tt0064116,Once Upon a Time in the West,A mysterious stranger with a harmonica joins forces with a notorious desperado to protect a beautiful widow from a ruthless assassin working for the railroad.,1968,Western,2h 45min,"Italian, English, Spanish",Sergio Leone,"Henry Fonda, Charles Bronson",/title/tt0064116/,tt0064116.jpg,Yw-Av9BpC-w
tt7286456,Joker,"In Gotham City, mentally troubled comedian Arthur Fleck is disregarded and mistreated by society. He then embarks on a downward spiral of revolution and bloody crime. This path brings him face-to-face with his alter-ego: the Joker.",2019,Crime | Drama | Thriller,2h 2min,English,Todd Phillips,"Joaquin Phoenix, Robert De Niro",/title/tt7286456/,tt7286456.jpg,#NAME?
tt0095327,Grave of the Fireflies,A young boy and his little sister struggle to survive in Japan during World War II.,1988,Animation | Drama | War,1h 29min,Japanese,Isao Takahata,"Tsutomu Tatsumi, Ayano Shiraishi",/title/tt0095327/,tt0095327.jpg,4vPeTSRd580
tt0034583,Casablanca,A cynical American expatriate struggles to decide whether or not he should help his former lover and her fugitive husband escape French Morocco.,1942,Drama | Romance | War,1h 42min,"English, French, German, Italian",Michael Curtiz,"Humphrey Bogart, Ingrid Bergman",/title/tt0034583/,tt0034583.jpg,BkL9l7qovsE
tt0047396,Rear Window,A wheelchair-bound photographer spies on his neighbors from his apartment window and becomes convinced one of them has committed murder.,1954,Mystery | Thriller,1h 52min,English,Alfred Hitchcock,"James Stewart, Grace Kelly",/title/tt0047396/,tt0047396.jpg,m01YktiEZCw
tt0095765,Cinema Paradiso,A filmmaker recalls his childhood when falling in love with the pictures at the cinema of his home village and forms a deep friendship with the cinema''s projectionist.,1988,Drama,2h 35min,Italian,Giuseppe Tornatore,"Philippe Noiret, Enzo Cannavale",/title/tt0095765/,tt0095765.jpg,stLekU5BnbI
tt0078748,Alien,"After a space merchant vessel receives an unknown transmission as a distress call, one of the crew is attacked by a mysterious life form and they soon realize that its life cycle has merely begun.",1979,Horror | Sci-Fi,1h 57min,English,Ridley Scott,"Sigourney Weaver, Tom Skerritt",/title/tt0078748/,tt0078748.jpg,svnAD0TApb8
tt0078788,Apocalypse Now,A U.S. Army officer serving in Vietnam is tasked with assassinating a renegade Special Forces Colonel who sees himself as a god.,1979,Drama | Mystery | War,2h 27min,"English, French, Vietnamese",Francis Ford Coppola,"Martin Sheen, Marlon Brando",/title/tt0078788/,tt0078788.jpg,FTjG-Aux_yQ
tt0082971,Raiders of the Lost Ark,"In 1936, archaeologist and adventurer Indiana Jones is hired by the U.S. government to find the Ark of the Covenant before Adolf Hitler''s Nazis can obtain its awesome powers.",1981,Action | Adventure,1h 55min,"English, German, Hebrew, Spanish, Arabic, Nepali",Steven Spielberg,"Harrison Ford, Karen Allen",/title/tt0082971/,tt0082971.jpg,XkkzKHCx154
tt0032553,The Great Dictator,Dictator Adenoid Hynkel tries to expand his empire while a poor Jewish barber tries to avoid persecution from Hynkel''s regime.,1940,Comedy | Drama | War,2h 5min,"English, Esperanto",Charles Chaplin,"Charles Chaplin, Paulette Goddard",/title/tt0032553/,tt0032553.jpg,4sfJxdytYn4
tt0405094,The Lives of Others,"In 1984 East Berlin, an agent of the secret police, conducting surveillance on a writer and his lover, finds himself becoming increasingly absorbed by their lives.",2006,Drama | Mystery | Thriller,2h 17min,German,Florian Henckel von Donnersmarck,"Ulrich Mühe, Martina Gedeck",/title/tt0405094/,tt0405094.jpg,n3_iLOp6IhM
tt1853728,Django Unchained,"With the help of a German bounty hunter, a freed slave sets out to rescue his wife from a brutal Mississippi plantation owner.",2012,Drama | Western,2h 45min,"English, German, French, Italian",Quentin Tarantino,"Jamie Foxx, Christoph Waltz",/title/tt1853728/,tt1853728.jpg,_iH0UBYDI4g
tt0050825,Paths of Glory,"After refusing to attack an enemy position, a general accuses the soldiers of cowardice and their commanding officer must defend them.",1957,Drama | War,1h 28min,"English, German, Latin",Stanley Kubrick,"Kirk Douglas, Ralph Meeker",/title/tt0050825/,tt0050825.jpg,nmDA60X-f_A
tt4154756,Avengers: Infinity War,The Avengers and their allies must be willing to sacrifice all in an attempt to defeat the powerful Thanos before his blitz of devastation and ruin puts an end to the universe.,2018,Action | Adventure | Sci-Fi,2h 29min,English,Anthony Russo,"Robert Downey Jr., Chris Hemsworth",/title/tt4154756/,tt4154756.jpg,6ZfuNTqbHE8
tt0081505,The Shining,"A family heads to an isolated hotel for the winter where a sinister presence influences the father into violence, while his psychic son sees horrific forebodings from both past and future.",1980,Drama | Horror,2h 26min,English,Stanley Kubrick,"Jack Nicholson, Shelley Duvall",/title/tt0081505/,tt0081505.jpg,S014oGZiSdI
tt0910970,WALL-E,"In the distant future, a small waste-collecting robot inadvertently embarks on a space journey that will ultimately decide the fate of mankind.",2008,Animation | Adventure | Family,1h 38min,English,Andrew Stanton,"Ben Burtt, Elissa Knight",/title/tt0910970/,tt0910970.jpg,9pyBKj5-jVk
tt4633694,Spider-Man: Into the Spider-Verse,"Teen Miles Morales becomes Spider-Man of his reality, crossing his path with five counterparts from other dimensions to stop a threat for all realities.",2018,Animation | Action | Adventure,1h 57min,"English, Spanish",Bob Persichetti,"Shameik Moore, Jake Johnson",/title/tt4633694/,tt4633694.jpg,g4Hbz2jLxvQ
tt0043014,Sunset Blvd,A screenwriter develops a dangerous relationship with a faded film star determined to make a triumphant return.,1950,Drama | Film-Noir,1h 50min,English,Billy Wilder,"William Holden, Gloria Swanson",/title/tt0043014/,tt0043014.jpg,USv1hJTlbhg
tt0119698,Princess Mononoke,"On a journey to find the cure for a Tatarigami''s curse, Ashitaka finds himself in the middle of a war between the forest gods and Tatara, a mining colony. In this quest he also meets San, the Mononoke Hime.",1997,Animation | Adventure | Fantasy,2h 14min,Japanese,Hayao Miyazaki,"Yôji Matsuda, Yuriko Ishida",/title/tt0119698/,tt0119698.jpg,4OiMOHRDs14
tt0057012,Dr Strangelove or: How I Learned to Stop Worrying and Love the Bomb,An insane general triggers a path to nuclear holocaust that a War Room full of politicians and generals frantically tries to stop.,1964,Comedy,1h 35min,"English, Russian",Stanley Kubrick,"Peter Sellers, George C. Scott",/title/tt0057012/,tt0057012.jpg,98NaJ8ss4sY
tt4154796,Avengers: Endgame,"After the devastating events of Avengers: Infinity War (2018), the universe is in ruins. With the help of remaining allies, the Avengers assemble once more in order to reverse Thanos'' actions and restore balance to the universe.",2019,Action | Adventure | Drama,3h 1min,"English, Japanese, Xhosa, German",Anthony Russo,"Robert Downey Jr., Chris Evans",/title/tt4154796/,tt4154796.jpg,TcMBFSGVi1c
tt0364569,Oldboy,"After being kidnapped and imprisoned for fifteen years, Oh Dae-Su is released, only to find that he must find his captor in five days.",2003,Action | Drama | Mystery,1h 41min,Korean,Chan-wook Park,"Min-sik Choi, Ji-Tae Yoo",/title/tt0364569/,tt0364569.jpg,2HkjrJ6IK5E
tt0051201,Witness for the Prosecution,A veteran British barrister must defend his client in a murder trial that has surprise after surprise.,1957,Crime | Drama | Film-Noir,1h 56min,"English, German",Billy Wilder,"Tyrone Power, Marlene Dietrich",/title/tt0051201/,tt0051201.jpg,GMlJfiA2u7Y
tt8579674,1917,"April 6th, 1917. As a regiment assembles to wage war deep in enemy territory, two soldiers are assigned to race against time and deliver a message that will stop 1,600 men from walking straight into a deadly trap.",2019,Drama | War,1h 59min,"English, French, German",Sam Mendes,"Dean-Charles Chapman, George MacKay",/title/tt8579674/,tt8579674.jpg,YqNYrYUiMfg
tt1345836,The Dark Knight Rises,"Eight years after the Joker''s reign of anarchy, Batman, with the help of the enigmatic Catwoman, is forced from his exile to save Gotham City from the brutal guerrilla terrorist Bane.",2012,Action | Adventure,2h 44min,"English, Arabic",Christopher Nolan,"Christian Bale, Tom Hardy",/title/tt1345836/,tt1345836.jpg,GokKUqLcvD8
tt0087843,Once Upon a Time in America,"A former Prohibition-era Jewish gangster returns to the Lower East Side of Manhattan over thirty years later, where he once again must confront the ghosts and regrets of his old life.",1984,Crime | Drama,3h 49min,"English, Italian, French",Sergio Leone,"Robert De Niro, James Woods",/title/tt0087843/,tt0087843.jpg,LcpCRyNo8T8
tt5311514,Your Name,"Two strangers find themselves linked in a bizarre way. When a connection forms, will distance be the only thing to keep them apart?",2016,Animation | Drama | Fantasy,1h 46min,Japanese,Makoto Shinkai,"Ryûnosuke Kamiki, Mone Kamishiraishi",/title/tt5311514/,tt5311514.jpg,xU47nhruN-Q
tt0169547,American Beauty,A sexually frustrated suburban father has a mid-life crisis after becoming infatuated with his daughter''s best friend.,1999,Drama,2h 2min,English,Sam Mendes,"Kevin Spacey, Annette Bening",/title/tt0169547/,tt0169547.jpg,Ly7rq5EsTC8
tt2380307,Coco,"Aspiring musician Miguel, confronted with his family''s ancestral ban on music, enters the Land of the Dead to find his great-great-grandfather, a legendary singer.",2017,Animation | Adventure | Family,1h 45min,"English, Spanish",Lee Unkrich,"Anthony Gonzalez, Gael García Bernal",/title/tt2380307/,tt2380307.jpg,Rvr68u6k5sI
tt0112573,Braveheart,"When his secret bride is executed for assaulting an English soldier who tried to rape her, William Wallace begins a revolt against King Edward I of England.",1995,Biography | Drama | History,2h 58min,"English, French, Latin, Scottish Gaelic, Italian",Mel Gibson,"Mel Gibson, Sophie Marceau",/title/tt0112573/,tt0112573.jpg,1NJO0jxBtMo
tt0082096,Das Boot,"The claustrophobic world of a WWII German U-boat; boredom, filth and sheer terror.",1981,Adventure | Drama | Thriller,2h 29min,German,Wolfgang Petersen,"Jürgen Prochnow, Herbert Grönemeyer",/title/tt0082096/,tt0082096.jpg,7pzKyeIex2Y
tt1187043,3 Idiots,"Two friends are searching for their long lost companion. They revisit their college days and recall the memories of their friend who inspired them to think differently, even as the rest of the world called them ""idiots"".",2009,Comedy | Drama,2h 50min,"Hindi, English",Rajkumar Hirani,"Aamir Khan, Madhavan",/title/tt1187043/,tt1187043.jpg,K0eDlFX9GMc
tt0114709,Toy Story,A cowboy doll is profoundly threatened and jealous when a new spaceman figure supplants him as top toy in a boy''s room.,1995,Animation | Adventure | Comedy,1h 21min,English,John Lasseter,"Tom Hanks, Tim Allen",/title/tt0114709/,tt0114709.jpg,wmiIUN-7qhE
tt0986264,Taare Zameen Par,"An eight-year-old boy is thought to be a lazy trouble-maker, until the new art teacher has the patience and compassion to discover the real problem behind his struggles in school.",2007,Drama | Family,2h 45min,"Hindi, English",Aamir Khan,"Darsheel Safary, Aamir Khan",/title/tt0986264/,tt0986264.jpg,tn_2Ie_jtX8
tt0086190,Star Wars: Episode VI - Return of the Jedi,"After a daring mission to rescue Han Solo from Jabba the Hutt, the Rebels dispatch to Endor to destroy the second Death Star. Meanwhile, Luke struggles to help Darth Vader back from the dark side without falling into the Emperor''s trap.",1983,Action | Adventure | Fantasy,2h 11min,English,Richard Marquand,"Mark Hamill, Harrison Ford",/title/tt0086190/,tt0086190.jpg,7L8p7_SLzvU
tt0086879,Amadeus,"The life, success and troubles of Wolfgang Amadeus Mozart, as told by Antonio Salieri, the contemporaneous composer who was insanely jealous of Mozart''s talent and claimed to have murdered him.",1984,Biography | Drama | History,2h 40min,"English, Italian, Latin, German",Milos Forman,"F. Murray Abraham, Tom Hulce",/title/tt0086879/,tt0086879.jpg,r7kWQj9FCGY
tt0105236,Reservoir Dogs,"When a simple jewelry heist goes horribly wrong, the surviving criminals begin to suspect that one of them is a police informant.",1992,Crime | Drama | Thriller,1h 39min,English,Quentin Tarantino,"Harvey Keitel, Tim Roth",/title/tt0105236/,tt0105236.jpg,vayksn4Y93A
tt0361748,Inglourious Basterds,"In Nazi-occupied France during World War II, a plan to assassinate Nazi leaders by a group of Jewish U.S. soldiers coincides with a theatre owner''s vengeful plans for the same.",2009,Adventure | Drama | War,2h 33min,"English, German, French, Italian",Quentin Tarantino,"Brad Pitt, Diane Kruger",/title/tt0361748/,tt0361748.jpg,KnrRy6kSFF0
tt0119217,Good Will Hunting,"Will Hunting, a janitor at M.I.T., has a gift for mathematics, but needs help from a psychologist to find direction in his life.",1997,Drama | Romance,2h 6min,English,Gus Van Sant,"Robin Williams, Matt Damon",/title/tt0119217/,tt0119217.jpg,PaZVjZEFkRs
tt0062622,2001: A Space Odyssey,"After discovering a mysterious artifact buried beneath the Lunar surface, mankind sets off on a quest to find its origins with help from intelligent supercomputer H.A.L. 9000.",1968,Adventure | Sci-Fi,2h 29min,"English, Russian",Stanley Kubrick,"Keir Dullea, Gary Lockwood",/title/tt0062622/,tt0062622.jpg,oR_e9y-bka0
tt0180093,Requiem for a Dream,The drug-induced utopias of four Coney Island people are shattered when their addictions run deep.,2000,Drama,1h 42min,English,Darren Aronofsky,"Ellen Burstyn, Jared Leto",/title/tt0180093/,tt0180093.jpg,jzk-lmU4KZ4
tt0052357,Vertigo,A former police detective juggles wrestling with his personal demons and becoming obsessed with a hauntingly beautiful woman.,1958,Mystery | Romance | Thriller,2h 8min,English,Alfred Hitchcock,"James Stewart, Kim Novak",/title/tt0052357/,tt0052357.jpg,Z5jvQwwHQNY
tt0022100,M - Eine Stadt sucht einen Mörder,"When the police in a German city are unable to catch a child-murderer, other criminals join in the manhunt.",1931,Crime | Mystery | Thriller,1h 57min,German,Fritz Lang,"Peter Lorre, Ellen Widmann",/title/tt0022100/,tt0022100.jpg,OYEc7ZpHcdQ
tt5074352,Dangal,Former wrestler Mahavir Singh Phogat and his two wrestler daughters struggle towards glory at the Commonwealth Games in the face of societal oppression.,2016,Action | Biography | Drama,2h 41min,"Hindi, Tamil, Telugu",Nitesh Tiwari,"Aamir Khan, Sakshi Tanwar",/title/tt5074352/,tt5074352.jpg,x_7YlGv9u1g
tt0338013,Eternal Sunshine of the Spotless Mind,"When their relationship turns sour, a couple undergoes a medical procedure to have each other erased from their memories.",2004,Drama | Romance | Sci-Fi,1h 48min,English,Michel Gondry,"Jim Carrey, Kate Winslet",/title/tt0338013/,tt0338013.jpg,07-QBnEkgXU
tt0033467,Citizen Kane,"Following the death of publishing tycoon Charles Foster Kane, reporters scramble to uncover the meaning of his final utterance; ''Rosebud''.",1941,Drama | Mystery,1h 59min,"English, Italian",Orson Welles,"Orson Welles, Joseph Cotten",/title/tt0033467/,tt0033467.jpg,8dxh3lwdOFw
tt2106476,Jagten,"A teacher lives a lonely life, all the while struggling over his son''s custody. His life slowly gets better as he finds love and receives good news from his son, but his new luck is about to be brutally shattered by an innocent little lie.",2012,Drama,1h 55min,"Danish, English, Polish",Thomas Vinterberg,"Mads Mikkelsen, Thomas Bo Larsen",/title/tt2106476/,tt2106476.jpg,ieLIOBkMgAQ
tt0093058,Full Metal Jacket,A pragmatic U.S. Marine observes the dehumanizing effects the Vietnam War has on his fellow recruits from their brutal boot camp training to the bloody street fighting in Hue.,1987,Drama | War,1h 56min,"English, Vietnamese",Stanley Kubrick,"Matthew Modine, R. Lee Ermey",/title/tt0093058/,tt0093058.jpg,sOpuEhyAq5U
tt0053125,North by Northwest,A New York City advertising executive goes on the run after being mistaken for a government agent by a group of foreign spies.,1959,Adventure | Mystery | Thriller,2h 16min,"English, French",Alfred Hitchcock,"Cary Grant, Eva Marie Saint",/title/tt0053125/,tt0053125.jpg,VZmbbx2p4yI
tt0066921,A Clockwork Orange,"In the future, a sadistic gang leader is imprisoned and volunteers for a conduct-aversion experiment, but it doesn''t go as planned.",1971,Crime | Drama | Sci-Fi,2h 16min,English,Stanley Kubrick,"Malcolm McDowell, Patrick Magee",/title/tt0066921/,tt0066921.jpg,vN-1Mup0UI0
tt0208092,Snatch,"Unscrupulous boxing promoters, violent bookmakers, a Russian gangster, incompetent amateur robbers and supposedly Jewish jewelers fight to track down a priceless stolen diamond.",2000,Comedy | Crime,1h 44min,"English, Russian",Guy Ritchie,"Jason Statham, Brad Pitt",/title/tt0208092/,tt0208092.jpg,9Jar2XkBboo
tt0012349,The Kid,"The Tramp cares for an abandoned child, but events put that relationship in jeopardy.",1921,Comedy | Drama | Family,1h 8min,English,Charles Chaplin,"Charles Chaplin, Edna Purviance",/title/tt0012349/,tt0012349.jpg,KpMZXrRo99g
tt0040522,Ladri di biciclette,"In post-war Italy, a working-class man''s bicycle is stolen. He and his son set out to find it.",1948,Drama,1h 29min,"Italian, English",Vittorio De Sica,"Lamberto Maggiorani, Enzo Staiola",/title/tt0040522/,tt0040522.jpg,H2P4xo9kmPM
tt0045152,Singin'' in the Rain,A silent film production company and cast make a difficult transition to sound.,1952,Comedy | Musical | Romance,1h 43min,English,Stanley Donen,"Gene Kelly, Donald O''Connor",/title/tt0045152/,tt0045152.jpg,5_EVHeNEIJY
tt0086250,Scarface,"In 1980 Miami, a determined Cuban immigrant takes over a drug cartel and succumbs to greed.",1983,Crime | Drama,2h 50min,"English, Spanish",Brian De Palma,"Al Pacino, Michelle Pfeiffer",/title/tt0086250/,tt0086250.jpg,7pQQHnqBa2E
tt0075314,Taxi Driver,"A mentally unstable veteran works as a nighttime taxi driver in New York City, where the perceived decadence and sleaze fuels his urge for violent action by attempting to liberate a presidential campaign worker and an underage prostitute.",1976,Crime | Drama,1h 54min,"English, Spanish",Martin Scorsese,"Robert De Niro, Jodie Foster",/title/tt0075314/,tt0075314.jpg,UUxD4-dEzn0
tt0211915,Amélie,"Amélie is an innocent and naive girl in Paris with her own sense of justice. She decides to help those around her and, along the way, discovers love.",2001,Comedy | Romance,2h 2min,"French, Russian, English",Jean-Pierre Jeunet,"Audrey Tautou, Mathieu Kassovitz",/title/tt0211915/,tt0211915.jpg,HUECWi5pX7o
tt0056172,Lawrence of Arabia,"The story of T.E. Lawrence, the English officer who successfully united and led the diverse, often warring, Arab tribes during World War I in order to fight the Turks.",1962,Adventure | Biography | Drama,3h 48min,"English, Arabic, Turkish",David Lean,"Peter O''Toole, Alec Guinness",/title/tt0056172/,tt0056172.jpg,vOlRhGEhG7k
tt8267604,Capharnaüm,"While serving a five-year sentence for a violent crime, a 12-year-old boy sues his parents for neglect.",2018,Drama,2h 6min,"Arabic, Amharic",Nadine Labaki,"Zain Al Rafeea, Yordanos Shiferaw",/title/tt8267604/,tt8267604.jpg,JBecbs52Fpo
tt0435761,Toy Story 3,"The toys are mistakenly delivered to a day-care center instead of the attic right before Andy leaves for college, and it''s up to Woody to convince the other toys that they weren''t abandoned and to return home.",2010,Animation | Adventure | Comedy,1h 43min,"English, Spanish",Lee Unkrich,"Tom Hanks, Tim Allen",/title/tt0435761/,tt0435761.jpg,JcpWXaA2qeg
tt0070735,The Sting,Two grifters team up to pull off the ultimate con.,1973,Comedy | Crime | Drama,2h 9min,English,George Roy Hill,"Paul Newman, Robert Redford",/title/tt0070735/,tt0070735.jpg,LN2hBOIXhBs
tt0017136,Metropolis,"In a futuristic city sharply divided between the working class and the city planners, the son of the city''s mastermind falls in love with a working class prophet who predicts the coming of a savior to mediate their differences.",1927,Drama | Sci-Fi,2h 33min,German,Fritz Lang,"Brigitte Helm, Alfred Abel",/title/tt0017136/,tt0017136.jpg,gdtZv3XROnc
tt0059578,Per qualche dollaro in più,Two bounty hunters with the same intentions team up to track down a Western outlaw.,1965,Western,2h 12min,"Italian, English",Sergio Leone,"Clint Eastwood, Lee Van Cleef",/title/tt0059578/,tt0059578.jpg,Ku9NtEG6ivU
tt0044741,Ikiru,A bureaucrat tries to find a meaning in his life after he discovers he has terminal cancer.,1952,Drama,2h 23min,Japanese,Akira Kurosawa,"Takashi Shimura, Nobuo Kaneko",/title/tt0044741/,tt0044741.jpg,vjEw_kM_82k
tt1832382,A Separation,A married couple are faced with a difficult decision - to improve the life of their child by moving to another country or to stay in Iran and look after a deteriorating parent who has Alzheimer''s disease.,2011,Drama,2h 3min,Persian,Asghar Farhadi,"Payman Maadi, Leila Hatami",/title/tt1832382/,tt1832382.jpg,58Onuy5USTc
tt0036775,Double Indemnity,An insurance representative lets himself be talked by a seductive housewife into a murder/insurance fraud scheme that arouses the suspicion of an insurance investigator.,1944,Crime | Drama | Film-Noir,1h 47min,English,Billy Wilder,"Fred MacMurray, Barbara Stanwyck",/title/tt0036775/,tt0036775.jpg,yKrrAa2o9Eg
tt0056592,To Kill a Mockingbird,"Atticus Finch, a lawyer in the Depression-era South, defends a black man against an undeserved rape charge, and his children against prejudice.",1962,Crime | Drama,2h 9min,English,Robert Mulligan,"Gregory Peck, John Megna",/title/tt0056592/,tt0056592.jpg,KR7loA_oziY
tt0053604,The Apartment,"A man tries to rise in his company by letting its executives use his apartment for trysts, but complications and a romance of his own ensue.",1960,Comedy | Drama | Romance,2h 5min,English,Billy Wilder,"Jack Lemmon, Shirley MacLaine",/title/tt0053604/,tt0053604.jpg,GX9-5Zxy5us
tt1255953,Incendies,Twins journey to the Middle East to discover their family history and fulfill their mother''s last wishes.,2010,Drama | Mystery | War,2h 11min,"French, Arabic, English",Denis Villeneuve,"Lubna Azabal, Mélissa Désormeaux-Poulin",/title/tt1255953/,tt1255953.jpg,0nycksytL1A
tt1049413,Up,"78-year-old Carl Fredricksen travels to Paradise Falls in his house equipped with balloons, inadvertently taking a young stowaway.",2009,Animation | Adventure | Comedy,1h 36min,English,Pete Docter,"Edward Asner, Jordan Nagai",/title/tt1049413/,tt1049413.jpg,ORFWdXl_zJ4
tt0119488,LA Confidential,"As corruption grows in 1950s Los Angeles, three policemen -- one strait-laced, one brutal, and one sleazy -- investigate a series of murders with their own brand of justice.",1997,Crime | Drama | Mystery,2h 18min,English,Curtis Hanson,"Kevin Spacey, Russell Crowe",/title/tt0119488/,tt0119488.jpg,6sOXrY5yV4g
tt0071853,Monty Python and the Holy Grail,"King Arthur and his Knights of the Round Table embark on a surreal, low-budget search for the Holy Grail, encountering many, very silly obstacles.",1975,Adventure | Comedy | Fantasy,1h 31min,"English, French, Latin",Terry Gilliam,"Graham Chapman, John Cleese",/title/tt0071853/,tt0071853.jpg,urRkGvhXc8w
tt0113277,Heat,A group of professional bank robbers start to feel the heat from police when they unknowingly leave a clue at their latest heist.,1995,Crime | Drama | Thriller,2h 50min,"English, Spanish",Michael Mann,"Al Pacino, Robert De Niro",/title/tt0113277/,tt0113277.jpg,2GfZl4kuVNI
tt0042876,Rashômon,"The rape of a bride and the murder of her samurai husband are recalled from the perspectives of a bandit, the bride, the samurai''s ghost and a woodcutter.",1950,Crime | Drama | Mystery,1h 28min,Japanese,Akira Kurosawa,"Toshirô Mifune, Machiko Kyô",/title/tt0042876/,tt0042876.jpg,xCZ9TguVOIA
tt0095016,Die Hard,An NYPD officer tries to save his wife and several others taken hostage by German terrorists during a Christmas party at the Nakatomi Plaza in Los Angeles.,1988,Action | Thriller,2h 12min,"English, German, Italian, Japanese",John McTiernan,"Bruce Willis, Alan Rickman",/title/tt0095016/,tt0095016.jpg,jaJuwKCmJbY
tt0055630,Yôjinbô,A crafty ronin comes to a town divided by two criminal gangs and decides to play them against each other to free the town.,1961,Action | Drama | Thriller,1h 50min,Japanese,Akira Kurosawa,"Toshirô Mifune, Eijirô Tôno",/title/tt0055630/,tt0055630.jpg,y_1iT_GmHTE
tt0372784,Batman Begins,"After training with his mentor, Batman begins his fight to free crime-ridden Gotham City from corruption.",2005,Action | Adventure,2h 20min,"English, Mandarin",Christopher Nolan,"Christian Bale, Michael Caine",/title/tt0372784/,tt0372784.jpg,neY2xVmOfUM
tt0105695,Unforgiven,"Retired Old West gunslinger William Munny (Clint Eastwood) reluctantly takes on one last job, with the help of his old partner Ned Logan (Morgan Freeman) and a young man, The ""Schofield Kid"" (Jaimz Woolvett).",1992,Drama | Western,2h 10min,English,Clint Eastwood,"Clint Eastwood, Gene Hackman",/title/tt0105695/,tt0105695.jpg,ftTX4FoBWlE
tt0363163,Downfall,"Traudl Junge, the final secretary for Adolf Hitler, tells of the Nazi dictator''s final days in his Berlin bunker at the end of WWII.",2004,Biography | Drama | History,2h 36min,"German, Russian",Oliver Hirschbiegel,"Bruno Ganz, Alexandra Maria Lara",/title/tt0363163/,tt0363163.jpg,2dzKgq4zl4E
tt6966692,Green Book,A working-class Italian-American bouncer becomes the driver of an African-American classical pianist on a tour of venues through the 1960s American South.,2018,Biography | Comedy | Drama,2h 10min,"English, Italian, Russian, German",Peter Farrelly,"Viggo Mortensen, Mahershala Ali",/title/tt6966692/,tt6966692.jpg,QkZxoko_HC0
tt0118849,Children of Heaven,"After a boy loses his sister''s pair of shoes, he goes on a series of adventures in order to find them. When he can''t, he tries a new way to ""win"" a new pair.",1997,Drama | Family | Sport,1h 29min,Persian,Majid Majidi,"Mohammad Amir Naji, Amir Farrokh Hashemian",/title/tt0118849/,tt0118849.jpg,dqxvZeQsVzY
tt0091251,Come and See,"After finding an old rifle, a young boy joins the Soviet resistance movement against ruthless German forces and experiences the horrors of World War II.",1985,Drama | War,2h 22min,"Belarusian, Russian, German",Elem Klimov,"Aleksey Kravchenko, Olga Mironova",/title/tt0091251/,tt0091251.jpg,6HCTIUx1Arc
tt0053291,Some Like It Hot,"When two male musicians witness a mob hit, they flee the state in an all-female band disguised as women, but further complications set in.",1959,Comedy | Music | Romance,2h 1min,English,Billy Wilder,"Marilyn Monroe, Tony Curtis",/title/tt0053291/,tt0053291.jpg,rI_lUHOCcbc
tt0347149,Howl's Moving Castle,"When an unconfident young woman is cursed with an old body by a spiteful witch, her only chance of breaking the spell lies with a self-indulgent yet insecure young wizard and his companions in his legged, walking castle.",2004,Animation | Adventure | Family,1h 59min,Japanese,Hayao Miyazaki,"Chieko Baishô, Takuya Kimura",/title/tt0347149/,tt0347149.jpg,iwROgK94zcM
tt0089881,Ran,"In Medieval Japan, an elderly warlord retires, handing over his empire to his three sons. However, he vastly underestimates how the new-found power will corrupt them and cause them to turn on each other...and him.",1985,Action | Drama,2h 42min,Japanese,Akira Kurosawa,"Tatsuya Nakadai, Akira Terao",/title/tt0089881/,tt0089881.jpg,YwP_kXyd-Rw
tt0057115,The Great Escape,Allied prisoners of war plan for several hundred of their number to escape from a German camp during World War II.,1963,Adventure | Drama | History,2h 52min,"English, German, French, Russian, Spanish",John Sturges,"Steve McQueen, James Garner",/title/tt0057115/,tt0057115.jpg,r9Q_WESQUVw
tt0042192,All About Eve,An ingénue insinuates herself into the lives of an established but aging stage actress and her circle of theater friends.,1950,Drama,2h 18min,"English, French",Joseph L. Mankiewicz,"Bette Davis, Anne Baxter",/title/tt0042192/,tt0042192.jpg,LSntQerk8cQ
tt0268978,A Beautiful Mind,"After John Nash, a brilliant but asocial mathematician, accepts secret work in cryptography, his life takes a turn for the nightmarish.",2001,Biography | Drama,2h 15min,English,Ron Howard,"Russell Crowe, Ed Harris",/title/tt0268978/,tt0268978.jpg,9wZM7CQY130
tt0112641,Casino,"A tale of greed, deception, money, power, and murder occur between two best friends: a mafia enforcer and a casino executive, compete against each other over a gambling empire, and over a fast living and fast loving socialite.",1995,Crime | Drama,2h 58min,English,Martin Scorsese,"Robert De Niro, Sharon Stone",/title/tt0112641/,tt0112641.jpg,EJXDMwGWhoA
tt0096283,My Neighbor Totoro,"When two girls move to the country to be near their ailing mother, they have adventures with the wondrous forest spirits who live nearby.",1988,Animation | Family | Fantasy,1h 26min,Japanese,Hayao Miyazaki,"Hitoshi Takagi, Noriko Hidaka",/title/tt0096283/,tt0096283.jpg,92a7Hj0ijLs
tt0457430,Pan''s Labyrinth,"In the Falangist Spain of 1944, the bookish young stepdaughter of a sadistic army officer escapes into an eerie but captivating fantasy world.",2006,Drama | Fantasy | War,1h 58min,Spanish,Guillermo del Toro,"Ivana Baquero, Ariadna Gil",/title/tt0457430/,tt0457430.jpg,AcHasH-nLhU
tt0081398,Raging Bull,"The life of boxer Jake LaMotta, whose violence and temper that led him to the top in the ring destroyed his life outside of it.",1980,Biography | Drama | Sport,2h 9min,English,Martin Scorsese,"Robert De Niro, Cathy Moriarty",/title/tt0081398/,tt0081398.jpg,yUp6d79WRVI
tt1305806,El secreto de sus ojos,A retired legal counselor writes a novel hoping to find closure for one of his past unresolved homicide cases and for his unreciprocated love with his superior - both of which still haunt him decades later.,2009,Drama | Mystery | Romance,2h 9min,Spanish,Juan José Campanella,"Ricardo Darín, Soledad Villamil",/title/tt1305806/,tt1305806.jpg,viV-OC4bpOw
tt0120735,"Lock, Stock and Two Smoking Barrels","A botched card game in London triggers four friends, thugs, weed-growers, hard gangsters, loan sharks and debt collectors to collide with each other in a series of unexpected events, all for the sake of weed, cash and two antique shotguns.",1998,Comedy | Crime,1h 47min,English,Guy Ritchie,"Jason Flemyng, Dexter Fletcher",/title/tt0120735/,tt0120735.jpg,h6hZkvrFIj0
tt0993846,The Wolf of Wall Street,"Based on the true story of Jordan Belfort, from his rise to a wealthy stock-broker living the high life to his fall involving crime, corruption and the federal government.",2013,Biography | Crime | Drama,3h,"English, French",Martin Scorsese,"Leonardo DiCaprio, Jonah Hill",/title/tt0993846/,tt0993846.jpg,iszwuX1AK6A
tt0040897,The Treasure of the Sierra Madre,Two Americans searching for work in Mexico convince an old prospector to help them mine for gold in the Sierra Madre Mountains.,1948,Adventure | Drama | Western,2h 6min,"English, Spanish",John Huston,"Humphrey Bogart, Walter Huston",/title/tt0040897/,tt0040897.jpg,XZ8Q9mOYJgE
tt0055031,Judgment at Nuremberg,"In 1948, an American court in occupied Germany tries four Nazis judged for war crimes.",1961,Drama | War,2h 59min,"English, German",Stanley Kramer,"Spencer Tracy, Burt Lancaster",/title/tt0055031/,tt0055031.jpg,RfOgZXIQ6fo
tt5027774,"Three Billboards Outside Ebbing, Missouri",A mother personally challenges the local authorities to solve her daughter''s murder when they fail to catch the culprit.,2017,Comedy | Crime | Drama,1h 55min,English,Martin McDonagh,"Frances McDormand, Woody Harrelson",/title/tt5027774/,tt5027774.jpg,Jit3YhGx5pU
tt0469494,There Will Be Blood,"A story of family, religion, hatred, oil and madness, focusing on a turn-of-the-century prospector in the early days of the business.",2007,Drama,2h 38min,"English, American Sign Language",Paul Thomas Anderson,"Daniel Day-Lewis, Paul Dano",/title/tt0469494/,tt0469494.jpg,FeSLPELpMeM
tt0071315,Chinatown,"A private detective hired to expose an adulterer finds himself caught up in a web of deceit, corruption, and murder.",1974,Drama | Mystery | Thriller,2h 10min,"English, Cantonese, Spanish",Roman Polanski,"Jack Nicholson, Faye Dunaway",/title/tt0071315/,tt0071315.jpg,p39LFdGI-YA
tt0476735,Babam ve Oglum,The family of a left-wing journalist is torn apart after a military coup in 1980''s Turkey.,2005,Drama | Family,1h 48min,Turkish,Çagan Irmak,"Çetin Tekindor, Fikret Kuskan",/title/tt0476735/,tt0476735.jpg,_hBUgycpATk
tt0015864,The Gold Rush,A prospector goes to the Klondike in search of gold and finds it and more.,1925,Adventure | Comedy | Drama,1h 35min,English,Charles Chaplin,"Charles Chaplin, Mack Swain",/title/tt0015864/,tt0015864.jpg,8LB-fw4efXo
tt0046912,Dial M for Murder,A tennis player frames his neglected wife for murder after she inadvertently foils his plan to have her murdered.,1954,Crime | Thriller,1h 45min,English,Alfred Hitchcock,"Ray Milland, Grace Kelly",/title/tt0046912/,tt0046912.jpg,JWP_hrNHSN4
tt0434409,V for Vendetta,"In a future British tyranny, a shadowy freedom fighter, known only by the alias of ""V"", plots to overthrow it with the help of a young woman.",2005,Action | Drama | Sci-Fi,2h 12min,English,James McTeigue,"Hugo Weaving, Natalie Portman",/title/tt0434409/,tt0434409.jpg,lSA7mAHolAw
tt0050976,The Seventh Seal,"A man seeks answers about life, death, and the existence of God as he plays chess against the Grim Reaper during the Black Plague.",1957,Drama | Fantasy,1h 36min,"Swedish, Latin",Ingmar Bergman,"Max von Sydow, Gunnar Björnstrand",/title/tt0050976/,tt0050976.jpg,NtkFei4wRjE
tt2096673,Inside Out,"After young Riley is uprooted from her Midwest life and moved to San Francisco, her emotions - Joy, Fear, Anger, Disgust and Sadness - conflict on how best to navigate a new city, house, and school.",2015,Animation | Adventure | Comedy,1h 35min,English,Pete Docter,"Amy Poehler, Bill Hader",/title/tt2096673/,tt2096673.jpg,seMwpP0yeu4
tt0477348,No Country for Old Men,Violence and mayhem ensue after a hunter stumbles upon a drug deal gone wrong and more than two million dollars in cash near the Rio Grande.,2007,Crime | Drama | Thriller,2h 2min,"English, Spanish",Ethan Coen,"Tommy Lee Jones, Javier Bardem",/title/tt0477348/,tt0477348.jpg,38A__WT3-o0
tt1291584,Warrior,"The youngest son of an alcoholic former boxer returns home, where he''s trained by his father for competition in a mixed martial arts tournament - a path that puts the fighter on a collision course with his estranged, older brother.",2011,Drama | Sport,2h 20min,"English, Spanish",Gavin O''Connor,"Tom Hardy, Nick Nolte",/title/tt1291584/,tt1291584.jpg,I5kzcwcQA1Q
tt0117951,Trainspotting,"Renton, deeply immersed in the Edinburgh drug scene, tries to clean up and get out, despite the allure of the drugs and influence of friends.",1996,Drama,1h 33min,English,Danny Boyle,"Ewan McGregor, Ewen Bremner",/title/tt0117951/,tt0117951.jpg,8LuxOYIpu-I
tt1130884,Shutter Island,"In 1954, a U.S. Marshal investigates the disappearance of a murderer who escaped from a hospital for the criminally insane.",2010,Mystery | Thriller,2h 18min,"English, German",Martin Scorsese,"Leonardo DiCaprio, Emily Mortimer",/title/tt1130884/,tt1130884.jpg,5iaYLCiq5RM
tt0080678,The Elephant Man,"A Victorian surgeon rescues a heavily disfigured man who is mistreated while scraping a living as a side-show freak. Behind his monstrous façade, there is revealed a person of kindness, intelligence and sophistication.",1980,Biography | Drama,2h 4min,English,David Lynch,"Anthony Hopkins, John Hurt",/title/tt0080678/,tt0080678.jpg,ZvJuJKOmZAY
tt0167404,The Sixth Sense,A boy who communicates with spirits seeks the help of a disheartened child psychologist.,1999,Drama | Mystery | Thriller,1h 47min,"English, Latin, Spanish",M. Night Shyamalan,"Bruce Willis, Haley Joel Osment",/title/tt0167404/,tt0167404.jpg,3-ZP95NF_Wk
tt0084787,The Thing,A research team in Antarctica is hunted by a shape-shifting alien that assumes the appearance of its victims.,1982,Horror | Mystery | Sci-Fi,1h 49min,"English, Norwegian",John Carpenter,"Kurt Russell, Wilford Brimley",/title/tt0084787/,tt0084787.jpg,0IBCWdlr-fA
tt3170832,Room,"Held captive for 7 years in an enclosed space, a woman and her young son finally gain their freedom, allowing the boy to experience the outside world for the first time.",2015,Drama | Thriller,1h 58min,English,Lenny Abrahamson,"Brie Larson, Jacob Tremblay",/title/tt3170832/,tt3170832.jpg,E_Ci-pAL4eE
tt0031381,Gone with the Wind,A manipulative woman and a roguish man conduct a turbulent romance during the American Civil War and Reconstruction periods.,1939,Drama | History | Romance,3h 58min,English,Victor Fleming,"Clark Gable, Vivien Leigh",/title/tt0031381/,tt0031381.jpg,0X94oZgJis4
tt0107290,Jurassic Park,A pragmatic paleontologist visiting an almost complete theme park is tasked with protecting a couple of kids after a power failure causes the park''s cloned dinosaurs to run loose.,1993,Action | Adventure | Sci-Fi,2h 7min,"English, Spanish",Steven Spielberg,"Sam Neill, Laura Dern",/title/tt0107290/,tt0107290.jpg,lc0UehYemQA
tt0083658,Blade Runner,"A blade runner must pursue and terminate four replicants who stole a ship in space, and have returned to Earth to find their creator.",1982,Action | Sci-Fi | Thriller,1h 57min,"English, German, Cantonese, Japanese, Hungarian, Arabic",Ridley Scott,"Harrison Ford, Rutger Hauer",/title/tt0083658/,tt0083658.jpg,gCcx85zbxz4
tt0050212,The Bridge on the River Kwai,"British POWs build a railway bridge across the river Kwai for their Japanese captors, oblivious of the Allies'' plans to destroy it.",1957,Adventure | Drama | War,2h 41min,"English, Japanese, Thai",David Lean,"William Holden, Alec Guinness",/title/tt0050212/,tt0050212.jpg,SFMmJMNRv-Q
tt0041959,The Third Man,"Pulp novelist Holly Martins travels to shadowy, postwar Vienna, only to find himself investigating the mysterious death of an old friend, Harry Lime.",1949,Film-Noir | Mystery | Thriller,1h 44min,"English, German, Russian",Carol Reed,"Orson Welles, Joseph Cotten",/title/tt0041959/,tt0041959.jpg,r9yyDEDGlr0
tt0266543,Finding Nemo,"After his son is captured in the Great Barrier Reef and taken to Sydney, a timid clownfish sets out on a journey to bring him home.",2003,Animation | Adventure | Comedy,1h 40min,English,Andrew Stanton,"Albert Brooks, Ellen DeGeneres",/title/tt0266543/,tt0266543.jpg,2zLkasScy7A
tt0050986,Smultronstället,"After living a life marked by coldness, an aging professor is forced to confront the emptiness of his existence.",1957,Drama | Romance,1h 31min,"Swedish, Latin",Ingmar Bergman,"Victor Sjöström, Bibi Andersson",/title/tt0050986/,tt0050986.jpg,fs_j7y_QyM8
tt0047296,On the Waterfront,An ex-prize fighter turned longshoreman struggles to stand up to his corrupt union bosses.,1954,Crime | Drama | Thriller,1h 48min,English,Elia Kazan,"Marlon Brando, Karl Malden",/title/tt0047296/,tt0047296.jpg,QOLHbQjtSFs
tt0116282,Fargo,Jerry Lundegaard''s inept crime falls apart due to his and his henchmen''s bungling and the persistent police work of the quite pregnant Marge Gunderson.,1996,Crime | Drama | Thriller,1h 38min,English,Joel Coen,"William H. Macy, Frances McDormand",/title/tt0116282/,tt0116282.jpg,h2tY82z3xXU
tt0266697,Kill Bill: Vol 1,"After awakening from a four-year coma, a former assassin wreaks vengeance on the team of assassins who betrayed her.",2003,Action | Crime | Thriller,1h 51min,"English, Japanese, French",Quentin Tarantino,"Uma Thurman, David Carradine",/title/tt0266697/,tt0266697.jpg,7kSuas6mRpk
tt1205489,Gran Torino,"Disgruntled Korean War veteran Walt Kowalski sets out to reform his neighbor, Thao Lor, a Hmong teenager who tried to steal Kowalski''s prized possession: a 1972 Gran Torino.",2008,Drama,1h 56min,"English, Hmong",Clint Eastwood,"Clint Eastwood, Bee Vang",/title/tt1205489/,tt1205489.jpg,RMhbr2XQblk
tt0120382,The Truman Show,An insurance salesman discovers his whole life is actually a reality TV show.,1998,Comedy | Drama | Sci-Fi,1h 43min,English,Peter Weir,"Jim Carrey, Ed Harris",/title/tt0120382/,tt0120382.jpg,dlnmQbPGuls
tt0077416,The Deer Hunter,An in-depth examination of the ways in which the U.S. Vietnam War impacts and disrupts the lives of people in a small industrial town in Pennsylvania.,1978,Drama | War,3h 3min,"English, Russian, Vietnamese, French",Michael Cimino,"Robert De Niro, Christopher Walken",/title/tt0077416/,tt0077416.jpg,3Gqit3zVmyc
tt0046438,Tôkyô monogatari,"An old couple visit their children and grandchildren in the city, but receive little attention.",1953,Drama,2h 16min,"Japanese, English",Yasujirô Ozu,"Chishû Ryû, Chieko Higashiyama",/title/tt0046438/,tt0046438.jpg,5zEKw4VQIeY
tt3011894,Relatos salvajes,Six short stories that explore the extremities of human behavior involving people in distress.,2014,Comedy | Drama | Thriller,2h 2min,Spanish,Damián Szifron,"Darío Grandinetti, María Marull",/title/tt3011894/,tt3011894.jpg,aaowYFm8rME
tt0118715,The Big Lebowski,"Jeff ""The Dude"" Lebowski, mistaken for a millionaire of the same name, seeks restitution for his ruined rug and enlists his bowling buddies to help get it.",1998,Comedy | Crime | Sport,1h 57min,"English, German, Hebrew, Spanish",Joel Coen,"Jeff Bridges, John Goodman",/title/tt0118715/,tt0118715.jpg,cd-go0oBF4Y
tt8108198,Andhadhun,"A series of mysterious events changes the life of a blind pianist, who must now report a crime that he should technically know nothing of.",2018,Crime | Thriller,2h 19min,"Hindi, English",Sriram Raghavan,"Ayushmann Khurrana, Tabu",/title/tt8108198/,tt8108198.jpg,2iVYI99VGaw
tt0978762,Mary and Max,"A tale of friendship between two unlikely pen pals: Mary, a lonely, eight-year-old girl living in the suburbs of Melbourne, and Max, a forty-four-year old, severely obese man living in New York.",2009,Animation | Comedy | Drama,1h 32min,"English, Yiddish",Adam Elliot,"Toni Collette, Philip Seymour Hoffman",/title/tt0978762/,tt0978762.jpg,p1W_mpSydYI
tt4729430,Klaus,"A simple act of kindness always sparks another, even in a frozen, faraway place. When Smeerensburg''s new postman, Jesper, befriends toymaker Klaus, their gifts melt an age-old feud and deliver a sleigh full of holiday traditions.",2019,Animation | Adventure | Comedy,1h 36min,"English, Saami",Sergio Pablos,"Jason Schwartzman, J.K. Simmons",/title/tt4729430/,tt4729430.jpg,taE3PwurhYM
tt0107207,In the Name of the Father,A man''s coerced confession to an I.R.A. bombing he did not commit results in the imprisonment of his father as well. An English lawyer fights to free them.,1993,Biography | Drama,2h 13min,English,Jim Sheridan,"Daniel Day-Lewis, Pete Postlethwaite",/title/tt0107207/,tt0107207.jpg,04ZYTB2ZXVc
tt2267998,Gone Girl,"With his wife''s disappearance having become the focus of an intense media circus, a man sees the spotlight turned on him when it''s suspected that he may not be innocent.",2014,Drama | Mystery | Thriller,2h 29min,English,David Fincher,"Ben Affleck, Rosamund Pike",/title/tt2267998/,tt2267998.jpg,2-_-1nJf8Vg
tt2119532,Hacksaw Ridge,"World War II American Army Medic Desmond T. Doss, who served during the Battle of Okinawa, refuses to kill people, and becomes the first man in American history to receive the Medal of Honor without firing a shot.",2016,Biography | Drama | History,2h 19min,"English, Japanese",Mel Gibson,"Andrew Garfield, Sam Worthington",/title/tt2119532/,tt2119532.jpg,s2-1hz1juBI
tt1950186,Ford v Ferrari,American car designer Carroll Shelby and driver Ken Miles battle corporate interference and the laws of physics to build a revolutionary race car for Ford in order to defeat Ferrari at the 24 Hours of Le Mans in 1966.,2019,Action | Biography | Drama,2h 32min,"English, Italian, French, Japanese",James Mangold,"Matt Damon, Christian Bale",/title/tt1950186/,tt1950186.jpg,I3h9Z89U9ZA
tt2278388,The Grand Budapest Hotel,"A writer encounters the owner of an aging high-class hotel, who tells him of his early years serving as a lobby boy in the hotel''s glorious years under an exceptional concierge.",2014,Adventure | Comedy | Crime,1h 39min,"English, French, German",Wes Anderson,"Ralph Fiennes, F. Murray Abraham",/title/tt2278388/,tt2278388.jpg,1Fg5iWmQjwk
tt0031679,Mr Smith Goes to Washington,"A naive man is appointed to fill a vacancy in the United States Senate. His plans promptly collide with political corruption, but he doesn''t back down.",1939,Comedy | Drama,2h 9min,English,Frank Capra,"James Stewart, Jean Arthur",/title/tt0031679/,tt0031679.jpg,mpJSB4Gbljc
tt0017925,The General,"When Union spies steal an engineer''s beloved locomotive, he pursues it single-handedly and straight through enemy lines.",1926,Action | Adventure | Comedy,1h 7min,English,Clyde Bruckman,"Buster Keaton, Marion Mack",/title/tt0017925/,tt0017925.jpg,7EcZPcFfjqY
tt0892769,How to Train Your Dragon,"A hapless young Viking who aspires to hunt dragons becomes the unlikely friend of a young dragon himself, and learns there may be more to the creatures than he assumed.",2010,Animation | Action | Adventure,1h 38min,English,Dean DeBlois,"Jay Baruchel, Gerard Butler",/title/tt0892769/,tt0892769.jpg,GfBHLVtbG6U
tt0112471,Before Sunrise,"A young man and woman meet on a train in Europe, and wind up spending one evening together in Vienna. Unfortunately, both know that this will probably be their only night together.",1995,Drama | Romance,1h 41min,"English, German, French",Richard Linklater,"Ethan Hawke, Julie Delpy",/title/tt0112471/,tt0112471.jpg,25v7N34d5HE
tt0015324,Sherlock Jr,"A film projectionist longs to be a detective, and puts his meagre skills to work when he is framed by a rival for stealing his girlfriend''s father''s pocketwatch.",1924,Action | Comedy | Romance,45min,English,Buster Keaton,"Buster Keaton, Kathryn McGuire",/title/tt0015324/,tt0015324.jpg,iWqs42Glpks
tt0060827,Persona,A nurse is put in charge of a mute actress and finds that their personae are melding together.,1966,Drama | Thriller,1h 25min,"Swedish, English",Ingmar Bergman,"Bibi Andersson, Liv Ullmann",/title/tt0060827/,tt0060827.jpg,Zz2RE4rBJHg
tt0264464,Catch Me If You Can,"A seasoned FBI agent pursues Frank Abagnale Jr. who, before his 19th birthday, successfully forged millions of dollars'' worth of checks while posing as a Pan Am pilot, a doctor, and a legal prosecutor.",2002,Biography | Crime | Drama,2h 21min,"English, French",Steven Spielberg,"Leonardo DiCaprio, Tom Hanks",/title/tt0264464/,tt0264464.jpg,xas1UyTiVUw
tt1392214,Prisoners,"When Keller Dover''s daughter and her friend go missing, he takes matters into his own hands as the police pursue multiple leads and the pressure mounts.",2013,Crime | Drama | Mystery,2h 33min,English,Denis Villeneuve,"Hugh Jackman, Jake Gyllenhaal",/title/tt1392214/,tt1392214.jpg,bpXfcTF6iVk
tt2024544,12 Years a Slave,"In the antebellum United States, Solomon Northup, a free black man from upstate New York, is abducted and sold into slavery.",2013,Biography | Drama | History,2h 14min,English,Steve McQueen,"Chiwetel Ejiofor, Michael Kenneth Williams",/title/tt2024544/,tt2024544.jpg,z02Ie8wKKRg
tt0061512,Cool Hand Luke,"A laid back Southern man is sentenced to two years in a rural prison, but refuses to conform.",1967,Crime | Drama,2h 7min,English,Stuart Rosenberg,"Paul Newman, George Kennedy",/title/tt0061512/,tt0061512.jpg,ofxtDrRVQY4
tt1392190,Mad Max: Fury Road,"In a post-apocalyptic wasteland, a woman rebels against a tyrannical ruler in search for her homeland with the aid of a group of female prisoners, a psychotic worshiper, and a drifter named Max.",2015,Action | Adventure | Sci-Fi,2h,"English, Russian",George Miller,"Tom Hardy, Charlize Theron",/title/tt1392190/,tt1392190.jpg,hEJnMQG9ev8
tt0046268,Le salaire de la peur,"In a decrepit South American village, four men are hired to transport an urgent nitroglycerine shipment without the equipment that would make it safe.",1953,Adventure | Drama | Thriller,2h 11min,"French, English, Spanish, German, Italian, Russian",Henri-Georges Clouzot,"Yves Montand, Charles Vanel",/title/tt0046268/,tt0046268.jpg,ArwhGYrOWXA
tt0092005,Stand by Me,"After the death of one of his friends, a writer recounts a boyhood journey with his friends to find the body of a missing boy.",1986,Adventure | Drama,1h 29min,English,Rob Reiner,"Wil Wheaton, River Phoenix",/title/tt0092005/,tt0092005.jpg,jaiZ6ZQoO-Y
tt0074958,Network,A television network cynically exploits a deranged former anchor''s ravings and revelations about the news media for its own profit.,1976,Drama,2h 1min,English,Sidney Lumet,"Faye Dunaway, William Holden",/title/tt0074958/,tt0074958.jpg,1cSGvqQHpjs
tt0758758,Into the Wild,"After graduating from Emory University, top student and athlete Christopher McCandless abandons his possessions, gives his entire $24,000 savings account to charity and hitchhikes to Alaska to live in the wilderness. Along the way, Christopher encounters a series of characters that shape his life.",2007,Adventure | Biography | Drama,2h 28min,"English, Danish",Sean Penn,"Emile Hirsch, Vince Vaughn",/title/tt0758758/,tt0758758.jpg,g7ArZ7VD-QQ
tt0079470,Life of Brian,"Born on the original Christmas in the stable next door to Jesus Christ, Brian of Nazareth spends his life being mistaken for a messiah.",1979,Comedy,1h 34min,"English, Latin",Terry Jones,"Graham Chapman, John Cleese",/title/tt0079470/,tt0079470.jpg,TKPmGjVFbrY
tt0091763,Platoon,A young soldier in Vietnam faces a moral crisis when confronted with the horrors of war and the duality of man.,1986,Drama | War,2h,"English, Vietnamese",Oliver Stone,"Charlie Sheen, Tom Berenger",/title/tt0091763/,tt0091763.jpg,hGsyEkfjhQk
tt0405159,Million Dollar Baby,A determined woman works with a hardened boxing trainer to become a professional.,2004,Drama | Sport,2h 12min,"English, Irish",Clint Eastwood,"Hilary Swank, Clint Eastwood",/title/tt0405159/,tt0405159.jpg,5_RsHRmIRBY
tt1028532,Hachi: A Dog''s Tale,A college professor bonds with an abandoned dog he takes into his home.,2009,Drama | Family,1h 33min,"English, Japanese",Lasse Hallström,"Richard Gere, Joan Allen",/title/tt1028532/,tt1028532.jpg,TIl2o1hm1F4
tt0019254,La passion de Jeanne d''Arc,"In 1431, Jeanne d''Arc is placed on trial on charges of heresy. The ecclesiastical jurists attempt to force Jeanne to recant her claims of holy visions.",1928,Biography | Drama | History,1h 50min,French,Carl Theodor Dreyer,"Maria Falconetti, Eugene Silvain",/title/tt0019254/,tt0019254.jpg,IQAchMdy__8
tt1979320,Rush,The merciless 1970s rivalry between Formula One rivals James Hunt and Niki Lauda.,2013,Biography | Drama | Sport,2h 3min,"English, German, Italian, French, Spanish",Ron Howard,"Daniel Brühl, Chris Hemsworth",/title/tt1979320/,tt1979320.jpg,4XA73ni9eVs
tt0052618,Ben-Hur,"When a Jewish prince is betrayed and sent into slavery by a Roman friend, he regains his freedom and comes back for revenge.",1959,Adventure | Drama | History,3h 32min,English,William Wyler,"Charlton Heston, Jack Hawkins",/title/tt0052618/,tt0052618.jpg,3BmeR9GYdDU
tt3315342,Logan,"In a future where mutants are nearly extinct, an elderly and weary Logan leads a quiet life. But when Laura, a mutant child pursued by scientists, comes to him for help, he must get her to safety.",2017,Action | Drama | Sci-Fi,2h 17min,"English, Spanish",James Mangold,"Hugh Jackman, Patrick Stewart",/title/tt3315342/,tt3315342.jpg,Div0iP65aZo
tt0060107,Andrei Rublev,"The life, times and afflictions of the fifteenth-century Russian iconographer St. Andrei Rublev.",1966,Biography | Drama | History,3h 25min,"Russian, Italian, Tatar",Andrei Tarkovsky,"Anatoliy Solonitsyn, Ivan Lapikov",/title/tt0060107/,tt0060107.jpg,t1d5FSyMEd8
tt1201607,Harry Potter and the Deathly Hallows: Part 2,"Harry, Ron, and Hermione search for Voldemort''s remaining Horcruxes in their effort to destroy the Dark Lord as the final battle rages on at Hogwarts.",2011,Adventure | Drama | Fantasy,2h 10min,English,David Yates,"Daniel Radcliffe, Emma Watson",/title/tt1201607/,tt1201607.jpg,5NYt1qirBWg
tt0097165,Dead Poets Society,English teacher John Keating inspires his students to look at poetry with a different perspective of authentic knowledge and feelings.,1989,Comedy | Drama,2h 8min,"English, Latin",Peter Weir,"Robin Williams, Robert Sean Leonard",/title/tt0097165/,tt0097165.jpg,4lj185DaZ_o
tt0405508,Rang De Basanti,"The story of six young Indians who assist an English woman to film a documentary on the freedom fighters from their past, and the events that lead them to relive the long-forgotten saga of freedom.",2006,Comedy | Drama,2h 47min,"Hindi, Punjabi, English",Rakeysh Omprakash Mehra,"Aamir Khan, Soha Ali Khan",/title/tt0405508/,tt0405508.jpg,QHhnhqxB4E8
tt0053198,Les quatre cents coups,"A young boy, left without attention, delves into a life of petty crime.",1959,Crime | Drama,1h 39min,"French, English",François Truffaut,"Jean-Pierre Léaud, Albert Rémy",/title/tt0053198/,tt0053198.jpg,i89oN8v7RdY
tt0087544,Nausicaa of the Valley of the Wind ,Warrior and pacifist Princess Nausicaä desperately struggles to prevent two warring nations from destroying themselves and their dying planet.,1984,Animation | Adventure | Fantasy,1h 57min,Japanese,Hayao Miyazaki,"Sumi Shimamoto, Mahito Tsujimura",/title/tt0087544/,tt0087544.jpg,6zhLBe319KE
tt0245712,Amores perros,"A horrific car accident connects three stories, each involving characters dealing with loss, regret, and life''s harsh realities, all in the name of love.",2000,Drama | Thriller,2h 34min,Spanish,Alejandro G. Iñárritu,"Emilio Echevarría, Gael García Bernal",/title/tt0245712/,tt0245712.jpg,A5HTBYR7m0o
tt0395169,Hotel Rwanda,Paul Rusesabagina was a hotel manager who housed over a thousand Tutsi refugees during their struggle against the Hutu militia in Rwanda.,2004,Biography | Drama | History,2h 1min,"English, French, Kinyarwanda",Terry George,"Don Cheadle, Sophie Okonedo",/title/tt0395169/,tt0395169.jpg,4dd8rX5Dy_Q
tt4016934,The Handmaiden,"A woman is hired as a handmaiden to a Japanese heiress, but secretly she is involved in a plot to defraud her.",2016,Drama | Romance | Thriller,2h 25min,"Korean, Japanese",Chan-wook Park,"Min-hee Kim, Jung-woo Ha",/title/tt4016934/,tt4016934.jpg,whldChqCsYk
tt0032976,Rebecca,A self-conscious woman juggles adjusting to her new role as an aristocrat''s wife and avoiding being intimidated by his first wife''s spectral presence.,1940,Drama | Mystery | Romance,2h 10min,"English, French",Alfred Hitchcock,"Laurence Olivier, Joan Fontaine",/title/tt0032976/,tt0032976.jpg,Z0gakRWZ03Y
tt0075148,Rocky,A small-time boxer gets a supremely rare chance to fight a heavy-weight champion in a bout in which he strives to go the distance for his self-respect.,1976,Drama | Sport,2h,English,John G. Avildsen,"Sylvester Stallone, Talia Shire",/title/tt0075148/,tt0075148.jpg,pH1xTAnFE9M
tt0198781,"Monsters, Inc","In order to power the city, monsters have to scare children so that they scream. However, the children are toxic to the monsters, and after a child gets through, 2 monsters realize things may not be what they think.",2001,Animation | Adventure | Comedy,1h 32min,English,Pete Docter,"Billy Crystal, John Goodman",/title/tt0198781/,tt0198781.jpg,8IBNZ6O2kMk
tt0113247,La haine,24 hours in the lives of three young men in the French suburbs the day after a violent riot.,1995,Crime | Drama,1h 38min,French,Mathieu Kassovitz,"Vincent Cassel, Hubert Koundé",/title/tt0113247/,tt0113247.jpg,NWrXQ8LsKYg
tt0025316,It Happened One Night,A spoiled heiress running away from her family is helped by a man who is actually a reporter in need of a story.,1934,Comedy | Romance,1h 45min,English,Frank Capra,"Clark Gable, Claudette Colbert",/title/tt0025316/,tt0025316.jpg,Kd509cLN-9U
tt0043338,Ace in the Hole,"A frustrated former big-city journalist now stuck working for an Albuquerque newspaper exploits a story about a man trapped in a cave to rekindle his career, but the situation quickly escalates into an out-of-control circus.",1951,Drama | Film-Noir,1h 51min,"English, Spanish, Latin",Billy Wilder,"Kirk Douglas, Jan Sterling",/title/tt0043338/,tt0043338.jpg,x0Gsv5p5GdY
tt0040725,The Red Shoes,A young ballet dancer is torn between the man she loves and her pursuit to become a prima ballerina.,1948,Drama | Music | Romance,2h 15min,"English, French, Russian",Michael Powell,"Anton Walbrook, Marius Goring",/title/tt0040725/,tt0040725.jpg,xRV6LPtRUyc
tt0093779,The Princess Bride,"While home sick in bed, a young boy''s grandfather reads him the story of a farmboy-turned-pirate who encounters numerous obstacles, enemies and allies in his quest to be reunited with his true love.",1987,Adventure | Family | Fantasy,1h 38min,English,Rob Reiner,"Cary Elwes, Mandy Patinkin",/title/tt0093779/,tt0093779.jpg,O3CIXEAjcc8
tt0118694,In the Mood for Love,"Two neighbors, a woman and a man, form a strong bond after both suspect extramarital activities of their spouses. However, they agree to keep their bond platonic so as not to commit similar wrongs.",2000,Drama | Romance,1h 38min,"Cantonese, Shanghainese, French, Spanish",Kar-Wai Wong,"Tony Chiu-Wai Leung, Maggie Cheung",/title/tt0118694/,tt0118694.jpg,dWVDZ98AFhI
tt0381681,Before Sunset,"Nine years after Jesse and Celine first met, they encounter each other again on the French leg of Jesse''s book tour.",2004,Drama | Romance,1h 20min,"English, French",Richard Linklater,"Ethan Hawke, Julie Delpy",/title/tt0381681/,tt0381681.jpg,oI3UuneLcyU
tt1454029,The Help,"An aspiring author during the civil rights movement of the 1960s decides to write a book detailing the African American maids'' point of view on the white families for which they work, and the hardships they go through on a daily basis.",2011,Drama,2h 26min,English,Tate Taylor,"Emma Stone, Viola Davis",/title/tt1454029/,tt1454029.jpg,aT9eWGjLv6s
tt1954470,Gangs of Wasseypur,"A clash between Sultan and Shahid Khan leads to the expulsion of Khan from Wasseypur, and ignites a deadly blood feud spanning three generations.",2012,Action | Comedy | Crime,5h 21min,Hindi,Anurag Kashyap,"Manoj Bajpayee, Richa Chadha",/title/tt1954470/,tt1954470.jpg,j-AkWDkXcMY
tt0169102,Lagaan: Once Upon a Time in India,The people of a small village in Victorian India stake their future on a game of cricket against their ruthless British rulers.,2001,Adventure | Drama | Musical,3h 44min,"Hindi, English, Awadhi, Urdu",Ashutosh Gowariker,"Aamir Khan, Raghuvir Yadav",/title/tt0169102/,tt0169102.jpg,oSIGQ0YkFxs
tt0088247,The Terminator,"In 1984, a human soldier is tasked to stop an indestructible cyborg killing machine, both sent from 2029, from executing a young woman, whose unborn son is the key to humanity''s future salvation.",1984,Action | Sci-Fi,1h 47min,"English, Spanish",James Cameron,"Arnold Schwarzenegger, Linda Hamilton",/title/tt0088247/,tt0088247.jpg,k64P4l2Wmeg
tt0087884,"Paris, Texas","Travis Henderson, an aimless drifter who has been missing for four years, wanders out of the desert and must reconnect with society, himself, his life, and his family.",1984,Drama,2h 25min,"English, Spanish",Wim Wenders,"Harry Dean Stanton, Nastassja Kinski",/title/tt0087884/,tt0087884.jpg,9e590FeeGCM
tt0064115,Butch Cassidy and the Sundance Kid,"Wyoming, early 1900s. Butch Cassidy and The Sundance Kid are the leaders of a band of outlaws. After a train robbery goes wrong they find themselves on the run with a posse hard on their heels. Their solution - escape to Bolivia.",1969,Biography | Crime | Drama,1h 50min,"English, Spanish",George Roy Hill,"Paul Newman, Robert Redford",/title/tt0064115/,tt0064115.jpg,YdJW2UxvSFQ
tt0094625,Akira,A secret military project endangers Neo-Tokyo when it turns a biker gang member into a rampaging psychic psychopath who can only be stopped by two teenagers and a group of psychics.,1988,Animation | Drama | Sci-Fi,2h 4min,Japanese,Katsuhiro Ôtomo,"Mitsuo Iwata, Nozomu Sasaki",/title/tt0094625/,tt0094625.jpg,QsCkty3mpg0
tt0103639,Aladdin,A kindhearted street urchin and a power-hungry Grand Vizier vie for a magic lamp that has the power to make their deepest wishes come true.,1992,Animation | Adventure | Comedy,1h 30min,English,Ron Clements,"Scott Weinger, Robin Williams",/title/tt0103639/,tt0103639.jpg,foyufD52aog
tt4857264,Contratiempo,A successful entrepreneur accused of murder and a witness preparation expert have less than three hours to come up with an impregnable defence.,2016,Crime | Mystery | Thriller,1h 46min,Spanish,Oriol Paulo,"Mario Casas, Ana Wagener",/title/tt4857264/,tt4857264.jpg,epCg2RbyF80
tt2338151,PK,An alien on Earth loses the only device he can use to communicate with his spaceship. His innocent nature and child-like questions force the country to evaluate the impact of religion on its people.,2014,Comedy | Drama | Fantasy,2h 33min,"Hindi, English, Urdu, Persian, Kurdish",Rajkumar Hirani,"Aamir Khan, Anushka Sharma",/title/tt2338151/,tt2338151.jpg,SOXWc32k4zA
tt4430212,Drishyam,"Desperate measures are taken by a man who tries to save his family from the dark side of the law, after they commit an unexpected crime.",2015,Crime | Drama | Mystery,2h 43min,Hindi,Nishikant Kamat,"Ajay Devgn, Shriya Saran",/title/tt4430212/,tt4430212.jpg,AuuX2j14NBg
tt2015381,Guardians of the Galaxy,A group of intergalactic criminals must pull together to stop a fanatical warrior with plans to purge the universe.,2014,Action | Adventure | Comedy,2h 1min,English,James Gunn,"Chris Pratt, Vin Diesel",/title/tt2015381/,tt2015381.jpg,d96cjJhvlMA
tt0058946,La battaglia di Algeri,"In the 1950s, fear and violence escalate as the people of Algiers fight for independence from the French government.",1966,Drama | War,2h 1min,"French, Arabic, English",Gillo Pontecorvo,"Brahim Hadjadj, Jean Martin",/title/tt0058946/,tt0058946.jpg,Zgkj8eAVjwQ
tt0107048,Groundhog Day,A weatherman finds himself inexplicably living the same day over and over again.,1993,Comedy | Fantasy | Romance,1h 41min,"English, French, Italian",Harold Ramis,"Bill Murray, Andie MacDowell",/title/tt0107048/,tt0107048.jpg,GncQtURdcE4
